Flight No.,Date,Time,Version Booster,Launch site,Payload,Payload mass,Orbit,Customer,Launch outcome,Booster landing
286,"January 3, 2024",03:44,F9B5,"Vandenberg, SLC‑4E",Starlink: Group 7-9 (22 satellites),"~16,800 kg (37,000 lb)",LEO,SpaceX,Success,Success (OCISLY)
287,"January 3, 2024",23:04,F9B5,"Cape Canaveral, SLC‑40",Ovzon-3,"1,800 kg (4,000 lb)",GTO,Ovzon,Success,Success (LZ‑1)
288,"January 7, 2024",22:35,F9B5,"Cape Canaveral, SLC‑40",Starlink: Group 6-35 (23 satellites),"~17,100 kg (37,700 lb)",LEO,SpaceX,Success,Success (ASOG)
289,"January 14, 2024",08:59,F9B5,"Vandenberg, SLC‑4E",Starlink: Group 7-10 (22 satellites),"~16,700 kg (36,800 lb)",LEO,SpaceX,Success,Success (OCISLY)
290,"January 15, 2024",01:52,F9B5,"Cape Canaveral, SLC‑40",Starlink: Group 6-37 (23 satellites),"~17,100 kg (37,700 lb)",LEO,SpaceX,Success,Success (ASOG)
291,"January 18, 2024",21:49,F9B5,"Kennedy, LC‑39A",Ax-3 (Crew Dragon C212-3 Freedom),"~13,000 kg (29,000 lb)",LEO (ISS),Axiom Space,Success,Success (LZ‑1)
292,"January 24, 2024",00:35,F9B5,"Vandenberg, SLC‑4E",Starlink: Group 7-11 (22 satellites),"~16,700 kg (36,800 lb)",LEO,SpaceX,Success,Success (OCISLY)
293,"January 29, 2024",01:10,F9B5,"Kennedy, LC‑39A",Starlink: Group 6-38 (23 satellites),"~17,100 kg (37,700 lb)",LEO,SpaceX,Success,Success (ASOG)
294,"January 29, 2024",05:57,F9B5,"Vandenberg, SLC‑4E",Starlink: Group 7-12 (22 satellites),"~16,700 kg (36,800 lb)",LEO,SpaceX,Success,Success (OCISLY)
295,"January 30, 2024",17:07,F9B5,"Cape Canaveral, SLC‑40","CRS NG-20 (S.S. Patricia ""Patty"" Hilliard Robertson)","3,726 kg (8,214 lb)",LEO (ISS),Northrop Grumman (CRS),Success,Success (LZ‑1)
296,"February 8, 2024",06:33,F9B5,"Cape Canaveral, SLC‑40",PACE,"1,694 kg (3,735 lb)",SSO,NASA (LSP),Success,Success (LZ‑1)
297,"February 10, 2024",00:34,F9B5,"Vandenberg, SLC‑4E",Starlink: Group 7-13 (22 satellites),"~16,700 kg (36,800 lb)",LEO,SpaceX,Success,Success (OCISLY)
298,"February 14, 2024",22:30,F9B5,"Cape Canaveral, SLC‑40",USSF-124 (6 satellites),Unknown,LEO,USSF / SDA,Success,Success (LZ‑2)
299,"February 15, 2024",06:05,F9B5,"Kennedy, LC‑39A",IM-1 Nova-C Odysseus lander,"1,931 kg (4,257 lb)",TLI,NASA (CLPS) / Intuitive Machines,Success,Success (LZ‑1)
300,"February 15, 2024",21:34,F9B5,"Vandenberg, SLC‑4E",Starlink: Group 7-14 (22 satellites),"~16,700 kg (36,800 lb)",LEO,SpaceX,Success,Success (OCISLY)
301,"February 20, 2024",20:11,F9B5,"Cape Canaveral, SLC‑40",Telkomsat HTS 113BT,"4,000 kg (8,800 lb)",GTO,Telkom Indonesia,Success,Success (JRTI)
302,"February 23, 2024",04:11,F9B5,"Vandenberg, SLC‑4E",Starlink: Group 7-15 (22 satellites),"~16,700 kg (36,800 lb)",LEO,SpaceX,Success,Success (OCISLY)
303,"February 25, 2024",22:06,F9B5,"Cape Canaveral, SLC‑40",Starlink: Group 6-39 (24 satellites),"~17,500 kg (38,600 lb)",LEO,SpaceX,Success,Success (ASOG)
304,"February 29, 2024",15:30,F9B5,"Cape Canaveral, SLC‑40",Starlink: Group 6-40 (23 satellites),"~17,100 kg (37,700 lb)",LEO,SpaceX,Success,Success (JRTI)
305,"March 4, 2024",03:53,F9B5,"Kennedy, LC‑39A",Crew-8 (Crew Dragon C206-5 Endeavour),"~13,000 kg (29,000 lb)",LEO (ISS),NASA (CTS),Success,Success (LZ‑1)
306,"March 4, 2024",22:05,F9B5,"Vandenberg, SLC‑4E",Transporter-10 (53 payload smallsat rideshare),Unknown[l],SSO,Various,Success,Success (LZ‑4)
307,"March 4, 2024",23:56,F9B5,"Cape Canaveral, SLC‑40",Starlink: Group 6-41 (23 satellites),"~17,100 kg (37,700 lb)",LEO,SpaceX,Success,Success (ASOG)
308,"March 10, 2024",23:05,F9B5,"Cape Canaveral, SLC‑40",Starlink: Group 6-43 (23 satellites),"~17,100 kg (37,700 lb)",LEO,SpaceX,Success,Success (JRTI)
309,"March 11, 2024",04:09,F9B5,"Vandenberg, SLC‑4E",Starlink: Group 7-17 (23 satellites),"~17,100 kg (37,700 lb)",LEO,SpaceX,Success,Success (OCISLY)
310,"March 16, 2024",00:21,F9B5,"Kennedy, LC‑39A",Starlink: Group 6-44 (23 satellites),"~17,100 kg (37,700 lb)",LEO,SpaceX,Success,Success (ASOG)
311,"March 19, 2024",02:28,F9B5,"Vandenberg, SLC‑4E",Starlink: Group 7-16 (20 satellites) + 2 Starshield satellites,"~16,300 kg (35,900 lb)(Starlink)",LEO,SpaceX,Success,Success (OCISLY)
312,"March 21, 2024",20:55,F9B5,"Cape Canaveral, SLC‑40",SpaceX CRS-30 (Dragon C209-4),"2,721 kg (5,999 lb)",LEO (ISS),NASA (CRS),Success,Success (LZ‑1)
313,"March 24, 2024",03:09,F9B5,"Kennedy, LC‑39A",Starlink: Group 6-42 (23 satellites),"~17,100 kg (37,700 lb)",LEO,SpaceX,Success,Success (JRTI)
314,"March 25, 2024",23:42,F9B5,"Cape Canaveral, SLC‑40",Starlink: Group 6-46 (23 satellites),"~17,100 kg (37,700 lb)",LEO,SpaceX,Success,Success (ASOG)
315,"March 30, 2024",21:52,F9B5,"Kennedy, LC‑39A",Eutelsat 36D,"5,000 kg (11,000 lb)",GTO,Eutelsat,Success,Success (JRTI)
316,"March 31, 2024",01:30,F9B5,"Cape Canaveral, SLC‑40",Starlink: Group 6-45 (23 satellites),"~17,100 kg (37,700 lb)",LEO,SpaceX,Success,Success (ASOG)
317,"April 2, 2024",02:30,F9B5,"Vandenberg, SLC‑4E",Starlink: Group 7-18 (22 satellites),"~16,700 kg (36,800 lb)",LEO,SpaceX,Success,Success (OCISLY)
318,"April 5, 2024",09:12,F9B5,"Cape Canaveral, SLC‑40",Starlink: Group 6-47 (23 satellites),"~17,100 kg (37,700 lb)",LEO,SpaceX,Success,Success (ASOG)
319,"April 7, 2024",02:25,F9B5,"Vandenberg, SLC‑4E",Starlink: Group 8-1 (21 satellites),"~16,800 kg (37,000 lb)",LEO,SpaceX,Success,Success (OCISLY)
320,"April 7, 2024",23:16,F9B5,"Kennedy, LC‑39A","Bandwagon-1 (11 payload smallsat rideshare)
425 Project Flight 2",Unknown[l],LEO,"Various
Republic of Korea Armed Forces",Success,Success (LZ‑1)
321,"April 10, 2024",05:40,F9B5,"Cape Canaveral, SLC‑40",Starlink: Group 6-48 (23 satellites),"~17,100 kg (37,700 lb)",LEO,SpaceX,Success,Success (JRTI)
322,"April 11, 2024",14:25,F9B5,"Vandenberg, SLC‑4E",USSF-62 (WSF-M 1),"1,200 kg (2,600 lb)",SSO,USSF,Success,Success (LZ‑4)
323,"April 13, 2024",01:40,F9B5,"Cape Canaveral, SLC‑40",Starlink: Group 6-49 (23 satellites),"~17,100 kg (37,700 lb)",LEO,SpaceX,Success,Success (ASOG)
324,"April 17, 2024",21:26,F9B5,"Kennedy, LC‑39A",Starlink: Group 6-51 (23 satellites),"~17,100 kg (37,700 lb)",LEO,SpaceX,Success,Success (JRTI)
325,"April 18, 2024",22:40,F9B5,"Cape Canaveral, SLC‑40",Starlink: Group 6-52 (23 satellites),"~17,100 kg (37,700 lb)",LEO,SpaceX,Success,Success (ASOG)
326,"April 23, 2024",22:17,F9B5,"Cape Canaveral, SLC‑40",Starlink: Group 6-53 (23 satellites),"~17,100 kg (37,700 lb)",LEO,SpaceX,Success,Success (JRTI)
327,"April 28, 2024",00:34,F9B5,"Kennedy, LC‑39A",Galileo-L12 (FOC FM25 & FM27),"1,600 kg (3,500 lb)",MEO,ESA,Success,No attempt
328,"April 28, 2024",22:08,F9B5,"Cape Canaveral, SLC‑40",Starlink: Group 6-54 (23 satellites),"~17,100 kg (37,700 lb)",LEO,SpaceX,Success,Success (JRTI)
329,"May 2, 2024",18:36,F9B5,"Vandenberg, SLC‑4E",WorldView Legion 1 & 2,"1,500 kg (3,300 lb)",SSO,Maxar Technologies,Success,Success (LZ‑4)
330,"May 3, 2024",02:37,F9B5,"Cape Canaveral, SLC‑40",Starlink: Group 6-55 (23 satellites),"~17,100 kg (37,700 lb)",LEO,SpaceX,Success,Success (ASOG)
331,"May 6, 2024",18:14,F9B5,"Cape Canaveral, SLC‑40",Starlink: Group 6-57 (23 satellites),"~17,100 kg (37,700 lb)",LEO,SpaceX,Success,Success (JRTI)
332,"May 8, 2024",18:42,F9B5,"Kennedy, LC‑39A",Starlink: Group 6-56 (23 satellites),"~17,100 kg (37,700 lb)",LEO,SpaceX,Success,Success (ASOG)
333,"May 10, 2024",04:30,F9B5,"Vandenberg, SLC‑4E",Starlink: Group 8-2 (20 satellites),"~16,300 kg (35,900 lb)",LEO,SpaceX,Success,Success (OCISLY)
334,"May 13, 2024",00:53,F9B5,"Cape Canaveral, SLC‑40",Starlink: Group 6-58 (23 satellites),"~17,100 kg (37,700 lb)",LEO,SpaceX,Success,Success (ASOG)
335,"May 14, 2024",18:39,F9B5,"Vandenberg, SLC‑4E",Starlink: Group 8-7 (20 satellites),"~16,300 kg (35,900 lb)",LEO,SpaceX,Success,Success (OCISLY)
336,"May 18, 2024",00:32,F9B5,"Cape Canaveral, SLC‑40",Starlink: Group 6-59 (23 satellites),"~17,100 kg (37,700 lb)",LEO,SpaceX,Success,Success (ASOG)
337,"May 22, 2024",08:00,F9B5,"Vandenberg, SLC‑4E",NROL-146 (21 Starshield satellites),Unknown,SSO,Northrop Grumman/NRO,Success,Success (OCISLY)
338,"May 23, 2024",02:35,F9B5,"Cape Canaveral, SLC‑40",Starlink: Group 6-62 (23 satellites),"~17,100 kg (37,700 lb)",LEO,SpaceX,Success,Success (ASOG)
339,"May 24, 2024",02:45,F9B5,"Kennedy, LC‑39A",Starlink: Group 6-63 (23 satellites),"~17,100 kg (37,700 lb)",LEO,SpaceX,Success,Success (JRTI)
340,"May 28, 2024",14:24,F9B5,"Cape Canaveral, SLC‑40",Starlink: Group 6-60 (23 satellites),"~17,100 kg (37,700 lb)",LEO,SpaceX,Success,Success (ASOG)
341,"May 28, 2024",22:20,F9B5,"Vandenberg, SLC‑4E",EarthCARE,"2,350 kg (5,180 lb)",SSO,ESA,Success,Success (LZ‑4)
342,"June 1, 2024",02:37,F9B5,"Cape Canaveral, SLC‑40",Starlink: Group 6-64 (23 satellites),"~17,100 kg (37,700 lb)",LEO,SpaceX,Success,Success (ASOG)
343,"June 5, 2024",02:16,F9B5,"Cape Canaveral, SLC‑40",Starlink: Group 8-5 (20 satellites),"~16,300 kg (35,900 lb)",LEO,SpaceX,Success,Success (JRTI)
344,"June 8, 2024",01:56,F9B5,"Cape Canaveral, SLC‑40",Starlink: Group 10-1 (22 satellites),"~16,700 kg (36,800 lb)",LEO,SpaceX,Success,Success (ASOG)
345,"June 8, 2024",12:58,F9B5,"Vandenberg, SLC‑4E",Starlink: Group 8-8 (20 satellites),"~16,300 kg (35,900 lb)",LEO,SpaceX,Success,Success (OCISLY)
346,"June 19, 2024",03:40,F9B5,"Vandenberg, SLC‑4E",Starlink: Group 9-1 (20 satellites),"~16,300 kg (35,900 lb)",LEO,SpaceX,Success,Success (OCISLY)
347,"June 20, 2024",21:35,F9B5,"Cape Canaveral, SLC‑40",Astra 1P,"5,000 kg (11,000 lb)",GTO,SES,Success,Success (JRTI)
348,"June 23, 2024",17:15,F9B5,"Cape Canaveral, SLC‑40",Starlink: Group 10-2 (22 satellites),"~16,700 kg (36,800 lb)",LEO,SpaceX,Success,Success (ASOG)
349,"June 24, 2024",03:47,F9B5,"Vandenberg, SLC‑4E",Starlink: Group 9-2 (20 satellites),"~16,300 kg (35,900 lb)",LEO,SpaceX,Success,Success (OCISLY)
350,"June 27, 2024",11:14,F9B5,"Cape Canaveral, SLC‑40",Starlink: Group 10-3 (23 satellites),"~17,100 kg (37,700 lb)",LEO,SpaceX,Success,Success (JRTI)
351,"June 29, 2024",03:14,F9B5,"Vandenberg, SLC‑4E",NROL-186 (~21 Starshield satellites),Unknown,SSO,NRO,Success,Success (OCISLY)
352,"July 3, 2024",08:55,F9B5,"Cape Canaveral, SLC‑40",Starlink: Group 8-9 (20 satellites),"~16,300 kg (35,900 lb)",LEO,SpaceX,Success,Success (ASOG)
353,"July 8, 2024",23:30,F9B5,"Cape Canaveral, SLC‑40",Türksat 6A,"4,250 kg (9,370 lb)",GTO,Türksat,Success,Success (JRTI)
354,"July 12, 2024",02:35,F9B5,"Vandenberg, SLC‑4E",Starlink: Group 9-3 (20 satellites),"~16,300 kg (35,900 lb)",LEO,SpaceX,Failure,Success (OCISLY)
355,"July 27, 2024",05:45,F9B5,"Kennedy, LC‑39A",Starlink: Group 10-9 (23 satellites),"~17,100 kg (37,700 lb)",LEO,SpaceX,Success,Success (JRTI)
356,"July 28, 2024",05:09,F9B5,"Cape Canaveral, SLC‑40",Starlink: Group 10-4 (23 satellites),"~17,100 kg (37,700 lb)",LEO,SpaceX,Success,Success (ASOG)
357,"July 28, 2024",09:22,F9B5,"Vandenberg, SLC‑4E",Starlink: Group 9-4 (21 satellites),"~16,500 kg (36,400 lb)",LEO,SpaceX,Success,Success (OCISLY)
358,"August 2, 2024",05:01,F9B5,"Kennedy, LC‑39A",Starlink: Group 10-6 (23 satellites),"~17,100 kg (37,700 lb)",LEO,SpaceX,Success,Success (ASOG)
359,"August 4, 2024",07:24,F9B5,"Vandenberg, SLC‑4E",Starlink: Group 11-1 (23 satellites),"~17,100 kg (37,700 lb)",LEO,SpaceX,Success,Success (OCISLY)
360,"August 4, 2024",15:02,F9B5,"Cape Canaveral, SLC‑40","CRS NG-21 (S.S. Francis R. ""Dick"" Scobee)","3,857 kg (8,503 lb)",LEO (ISS),Northrop Grumman (CRS),Success,Success (LZ‑1)
361,"August 10, 2024",12:50,F9B5,"Cape Canaveral, SLC‑40",Starlink: Group 8-3 (21 satellites),"~16,500 kg (36,400 lb)",LEO,SpaceX,Success,Success (JRTI)
362,"August 12, 2024",02:02,F9B5,"Vandenberg, SLC‑4E",ASBM 1 (GX 10A) & ASBM 2 (GX 10B),"~7,230 kg (15,940 lb)[148]",Molniya,Space Norway,Success,Success (OCISLY)
363,"August 12, 2024",10:37,F9B5,"Kennedy, LC‑39A",Starlink: Group 10-7 (23 satellites),"~17,100 kg (37,700 lb)",LEO,SpaceX,Success,Success (ASOG)
364,"August 15, 2024",13:00,F9B5,"Cape Canaveral, SLC‑40",WorldView Legion 3 & 4,"1,500 kg (3,300 lb)",LEO,Maxar Technologies,Success,Success (LZ‑1)
365,"August 16, 2024",18:56,F9B5,"Vandenberg, SLC-4E",Transporter-11 (116 payload smallsat rideshare),Unknown[l],SSO,Various,Success,Success (LZ‑4)
366,"August 20, 2024",13:20,F9B5,"Cape Canaveral, SLC‑40",Starlink: Group 10-5 (23 satellites),"~16,700 kg (36,800 lb)",LEO,SpaceX,Success,Success (ASOG)
367,"August 28, 2024",07:48,F9B5,"Cape Canaveral, SLC‑40",Starlink: Group 8-6 (21 satellites),"~16,700 kg (36,800 lb)",LEO,SpaceX,Success,Failure (ASOG)
368,"August 31, 2024",07:43,F9B5,"Cape Canaveral, SLC‑40",Starlink: Group 8-10 (21 satellites),"~16,700 kg (36,800 lb)",LEO,SpaceX,Success,Success (JRTI)
369,"August 31, 2024",08:48,F9B5,"Vandenberg, SLC-4E",Starlink: Group 9-5 (21 satellites),"~16,700 kg (36,800 lb)",LEO,SpaceX,Success,Success (OCISLY)
370,"September 5, 2024",15:33,F9B5,"Cape Canaveral, SLC‑40",Starlink: Group 8-11 (21 satellites),"~16,700 kg (36,800 lb)",LEO,SpaceX,Success,Success (JRTI)
371,"September 6, 2024",03:20,F9B5,"Vandenberg, SLC‑4E",NROL-113 (21 Starshield satellites),Unknown,LEO,NRO,Success,Success (OCISLY)
372,"September 10, 2024",09:23,F9B5,"Kennedy, LC‑39A",Polaris Dawn (Crew Dragon C207-3 Resilience),"~13,000 kg (29,000 lb)",LEO,Polaris Program,Success,Success (JRTI)
373,"September 12, 2024",08:52,F9B5,"Cape Canaveral, SLC‑40",BlueBird Block 1 (5 satellites)[172],"7,500 kg (16,500 lb)",LEO,AST SpaceMobile,Success,Success (LZ‑1)
374,"September 13, 2024",01:45,F9B5,"Vandenberg, SLC-4E",Starlink: Group 9-6 (21 satellites),"~16,700 kg (36,800 lb)",LEO,SpaceX,Success,Success (OCISLY)
375,"September 17, 2024",22:50,F9B5,"Cape Canaveral, SLC‑40",Galileo-L13 (FOC FM26 & FM32),"1,600 kg (3,500 lb)",MEO,ESA,Success,Success (JRTI)
376,"September 20, 2024",13:50,F9B5,"Vandenberg, SLC-4E",Starlink: Group 9-17 (20 satellites),"~16,300 kg (35,900 lb)",LEO,SpaceX,Success,Success (OCISLY)
377,"September 25, 2024",04:01,F9B5,"Vandenberg, SLC-4E",Starlink: Group 9-8 (20 satellites),"~16,300 kg (35,900 lb)",LEO,SpaceX,Success,Success (OCISLY)
378,"September 28, 2024",17:17,F9B5,"Cape Canaveral, SLC‑40",Crew-9 (Crew Dragon C212-4 Freedom),"~13,000 kg (29,000 lb)",LEO (ISS),NASA (CTS)[179],Success,Success (LZ‑1)
379,"October 7, 2024",14:52,F9B5,"Cape Canaveral, SLC‑40",Hera,"1,108 kg (2,443 lb)",Heliocentric,ESA,Success,No attempt
380,"October 15, 2024",06:10,F9B5,"Cape Canaveral, SLC‑40",Starlink: Group 10-10 (23 satellites),"~17,100 kg (37,700 lb)",LEO,SpaceX,Success,Success (ASOG)
381,"October 15, 2024",08:21,F9B5,"Vandenberg, SLC-4E",Starlink: Group 9-7 (20 satellites),"~16,300 kg (35,900 lb)",LEO,SpaceX,Success,Success (OCISLY)
382,"October 18, 2024",23:31,F9B5,"Cape Canaveral, SLC‑40",Starlink: Group 8-19 (20 satellites),"~16,300 kg (35,900 lb)",LEO,SpaceX,Success,Success (JRTI)
383,"October 20, 2024",05:13,F9B5,"Vandenberg, SLC-4E",OneWeb #20 (20 satellites),"2,954 kg (6,512 lb)",Polar LEO,OneWeb,Success,Success (LZ‑4)
384,"October 23, 2024",21:47,F9B5,"Cape Canaveral, SLC‑40",Starlink: Group 6-61 (23 satellites),"~17,100 kg (37,700 lb)",LEO,SpaceX,Success,Success (ASOG)
385,"October 24, 2024",17:13,F9B5,"Vandenberg, SLC-4E",NROL-167 (~17 Starshield satellites),Unknown,LEO,NRO,Success,Success (OCISLY)
386,"October 26, 2024",21:47,F9B5,"Cape Canaveral, SLC‑40",Starlink: Group 10-8 (22 satellites),"~16,700 kg (36,800 lb)",LEO,SpaceX,Success,Success (JRTI)
387,"October 30, 2024",12:07,F9B5,"Vandenberg, SLC-4E",Starlink: Group 9-9 (20 satellites),"~16,300 kg (35,900 lb)",LEO,SpaceX,Success,Success (OCISLY)
388,"October 30, 2024",21:10,F9B5,"Cape Canaveral, SLC‑40",Starlink: Group 10-13 (23 satellites),"~17,100 kg (37,700 lb)",LEO,SpaceX,Success,Success (ASOG)
389,"November 5, 2024",02:29,F9B5,"Kennedy, LC‑39A",SpaceX CRS-31 (Cargo Dragon C208-5),"2,762 kg (6,089 lb)",LEO (ISS),NASA (CRS),Success,Success (LZ‑1)
390,"November 7, 2024",20:19,F9B5,"Cape Canaveral, SLC‑40",Starlink: Group 6-77 (23 satellites),"~17,100 kg (37,700 lb)",LEO,SpaceX,Success,Success (JRTI)
391,"November 9, 2024",06:14,F9B5,"Vandenberg, SLC-4E",Starlink: Group 9-10 (20 satellites),"~16,300 kg (35,900 lb)",LEO,SpaceX,Success,Success (OCISLY)
392,11 November 2024,17:22,F9B5,"Kennedy, LC‑39A",Koreasat 6A,"3,500 kg (7,700 lb)",GTO,KT Sat,Success,Success (LZ‑1)
393,"November 11, 2024",21:28,F9B5,"Cape Canaveral, SLC‑40",Starlink: Group 6-69 (24 satellites),"~17,500 kg (38,600 lb)",LEO,SpaceX,Success,Success (ASOG)
394,"November 14, 2024",05:23,F9B5,"Vandenberg, SLC-4E",Starlink: Group 9-11 (20 satellites),"~16,300 kg (35,900 lb)",LEO,SpaceX,Success,Success (OCISLY)
395,"November 14, 2024",13:21,F9B5,"Cape Canaveral, SLC‑40",Starlink: Group 6-68 (24 satellites),"~17,500 kg (38,600 lb)",LEO,SpaceX,Success,Success (JRTI)
396,"November 17, 2024",22:28,F9B5,"Kennedy, LC‑39A",Optus-X/TD7,"~4,000 kg (8,800 lb)[217]",GTO,Optus,Success,Success (ASOG)
397,"November 18, 2024",05:53,F9B5,"Vandenberg, SLC-4E",Starlink: Group 9-12 (20 satellites),"~16,300 kg (35,900 lb)",LEO,SpaceX,Success,Success (OCISLY)
398,"November 18, 2024",18:31,F9B5,"Cape Canaveral, SLC‑40",GSAT-20 (GSAT-N2),"4,700 kg (10,400 lb)",GTO,New Space India LimitedDish TV,Success,Success (JRTI)
399,"November 21, 2024",16:07,F9B5,"Cape Canaveral, SLC‑40",Starlink: Group 6-66 (24 satellites),"~17,500 kg (38,600 lb)",LEO,SpaceX,Success,Success (ASOG)
400,"November 24, 2024",05:25,F9B5,"Vandenberg, SLC-4E",Starlink: Group 9-13 (20 satellites),"~16,300 kg (35,900 lb)",LEO,SpaceX,Success,Success (OCISLY)
401,"November 25, 2024",10:02,F9B5,"Cape Canaveral, SLC‑40",Starlink: Group 12-1 (23 satellites),"~17,100 kg (37,700 lb)",LEO,SpaceX,Success,Success (JRTI)
402,"November 27, 2024",04:41,F9B5,"Kennedy, LC‑39A",Starlink: Group 6-76 (24 satellites),"~17,500 kg (38,600 lb)",LEO,SpaceX,Success,Success (ASOG)
403,"November 30, 2024",05:00,F9B5,"Cape Canaveral, SLC‑40",Starlink: Group 6-65 (24 satellites),"~17,500 kg (38,600 lb)",LEO,SpaceX,Success,Success (JRTI)
404,"November 30, 2024",08:10,F9B5,"Vandenberg, SLC-4E",NROL-126 (2 Starshield satellites) + Starlink: Group N-01[228] (20 satellites),"~16,100 kg (35,500 lb)(Starlink)",LEO,NRO/SpaceX,Success,Success (OCISLY)
405,"December 4, 2024",10:13,F9B5,"Cape Canaveral, SLC‑40",Starlink: Group 6-70 (24 satellites),"~17,500 kg (38,600 lb)",LEO,SpaceX,Success,Success (ASOG)
406,"December 5, 2024",03:05,F9B5,"Vandenberg, SLC-4E",Starlink: Group 9-14 (20 satellites),"~16,300 kg (35,900 lb)",LEO,SpaceX,Success,Success (OCISLY)
407,"December 5, 2024",16:10,F9B5,"Kennedy, LC‑39A",SXM-9,"7,000 kg (15,000 lb)",GTO,Sirius XM,Success,Success (JRTI)
408,"December 8, 2024",05:12,F9B5,"Cape Canaveral, SLC‑40",Starlink: Group 12-5 (23 satellites),"~17,100 kg (37,700 lb)",LEO,SpaceX,Success,Success (ASOG)
409,"December 13, 2024",21:55,F9B5,"Vandenberg, SLC-4E",Starlink: Group 11-2 (22 satellites),"~16,700 kg (36,800 lb)",LEO,SpaceX,Success,Success (OCISLY)
410,"December 17, 2024",00:52,F9B5,"Cape Canaveral, SLC‑40",GPS III-7 (RRT-1)[237][238],"~4,350 kg (9,590 lb)",MEO,USSF,Success,Success (ASOG)
411,"December 17, 2024",13:19,F9B5,"Vandenberg, SLC‑4E",NROL-149 (22 Starshield satellites)[240],Unknown,LEO,NRO,Success,Success (OCISLY)
412,"December 17, 2024",22:26,F9B5,"Kennedy, LC‑39A",O3b mPOWER 7 & 8,"3,400 kg (7,500 lb)",MEO,SES,Success,Success (JRTI)
413,"December 21, 2024",11:34,F9B5,"Vandenberg, SLC-4E",Bandwagon-2 (30 payload smallsat rideshare)[67][87]425 Project Flight 3,"800 kg (1,800 lb)(main satellite) + unknown additional",LEO,VariousRepublic of Korea Armed Forces,Success,Success (LZ‑4)
414,"December 23, 2024",05:35,F9B5,"Kennedy, LC‑39A",Starlink: Group 12-2 (21 satellites),"~16,500 kg (36,400 lb)",LEO,SpaceX,Success,Success (JRTI)
415,"December 29, 2024",01:58,F9B5,"Vandenberg, SLC-4E",Starlink: Group 11-3 (22 satellites),"~16,700 kg (36,800 lb)",LEO,SpaceX,Success,Success (OCISLY)
416,"December 29, 2024",05:00,F9B5,"Cape Canaveral, SLC‑40",Astranis: From One to Many (4 satellites),"1,600 kg (3,500 lb)",GTO,Astranis,Success,Success (ASOG)
417,"December 31, 2024",05:39,F9B5,"Kennedy, LC‑39A",Starlink: Group 12-6 (21 satellites),"~16,500 kg (36,400 lb)",LEO,SpaceX,Success,Success (JRTI)
418,"January 4, 2025",01:27,F9B5,"Cape Canaveral, SLC‑40",Thuraya 4-NGS,"5,000 kg (11,000 lb)",GTO,Thuraya,Success,Success (ASOG)
419,"January 6, 2025",20:43,F9B5,"Cape Canaveral, SLC‑40",Starlink: Group 6‑71,"~17,500 kg (38,600 lb)",LEO,SpaceX,Success,Success (JRTI)
420,"January 8, 2025",15:27,F9B5,"Kennedy, LC‑39A",Starlink: Group 12-11 (21 satellites),"~16,500 kg (36,400 lb)",LEO,SpaceX,Success,Success (ASOG)
421,"January 10, 2025",03:53,F9B5,"Vandenberg, SLC‑4E",NROL-153 (22 Starshield satellites)[261],Unknown,LEO,NRO,Success,Success (OCISLY)
422,"January 10, 2025",19:11,F9B5,"Cape Canaveral, SLC‑40",Starlink: Group 12-12 (21 satellites),"~16,500 kg (36,400 lb)",LEO,SpaceX,Success,Success (JRTI)
423,"January 13, 2025",16:47,F9B5,"Cape Canaveral, SLC‑40",Starlink: Group 12-4 (21 satellites),"~16,500 kg (36,400 lb)",LEO,SpaceX,Success,Success (ASOG)
424,"January 14, 2025",19:09,F9B5,"Vandenberg, SLC‑4E",Transporter-12 (131 payload smallsat rideshare),"2,000 kg (4,400 lb)",SSO,Various,Success,Success (LZ‑4)
425,"January 15, 2025",06:11,F9B5,"Kennedy, LC‑39A",Blue Ghost Mission 1,"2,517 kg (5,549 lb)",TLI,Firefly Aerospace & NASA (CLPS),Success,Success (JRTI)
426,"January 21, 2025",05:24,F9B5,"Kennedy, LC‑39A",Starlink: Group 13-1 (21 satellites) + 2 Starshield satellites,"~15,300 kg (33,700 lb)(Starlink)",LEO,SpaceX,Success,Success (ASOG)
427,"January 21, 2025",15:45,F9B5,"Vandenberg, SLC‑4E",Starlink: Group 11-8 (27 satellites),"~15,500 kg (34,200 lb)",LEO,SpaceX,Success,Success (OCISLY)
428,"January 24, 2025",14:07,F9B5,"Vandenberg, SLC‑4E",Starlink: Group 11-6 (23 satellites),"~17,100 kg (37,700 lb)",LEO,SpaceX,Success,Success (OCISLY)
429,"January 27, 2025",22:05,F9B5,"Cape Canaveral, SLC‑40",Starlink: Group 12-7 (21 satellites),"~16,500 kg (36,400 lb)",LEO,SpaceX,Success,Success (ASOG)
430,"January 30, 2025",01:34,F9B5,"Kennedy, LC‑39A",Spainsat NG I,"6,100 kg (13,400 lb)[277]",GTO,Hisdesat,Success,No attempt
431,"February 1, 2025",23:02,F9B5,"Vandenberg, SLC-4E",Starlink: Group 11-4,"~16,700 kg (36,800 lb)",LEO,SpaceX,Success,Success (OCISLY)
432,"February 4, 2025",10:15,F9B5,"Cape Canaveral, SLC‑40",Starlink: Group 12-3 (21 satellites),"~16,500 kg (36,400 lb)",LEO,SpaceX,Success,Success (JRTI)
433,"February 4, 2025",23:13,F9B5,"Kennedy, LC‑39A",WorldView Legion 5 & 6 (2 satellites),"1,500 kg (3,300 lb)",LEO,Maxar Technologies,Success,Success (LZ‑1)
434,"February 8, 2025",19:18,F9B5,"Cape Canaveral, SLC‑40",Starlink: Group 12-9 (21 satellites),"~16,500 kg (36,400 lb)",LEO,SpaceX,Success,Success (ASOG)
435,"February 11, 2025",02:09,F9B5,"Vandenberg, SLC-4E",Starlink: Group 11-10,"~17,100 kg (37,700 lb)",LEO,SpaceX,Success,Success (OCISLY)
436,"February 11, 2025",18:53,F9B5,"Cape Canaveral, SLC‑40",Starlink: Group 12-18 (21 satellites),"~16,500 kg (36,400 lb)",LEO,SpaceX,Success,Success (JRTI)
437,"February 15, 2025",06:14,F9B5,"Cape Canaveral, SLC‑40",Starlink: Group 12-8,"~16,500 kg (36,400 lb)",LEO,SpaceX,Success,Success (ASOG)
438,"February 18, 2025",23:21,F9B5,"Cape Canaveral, SLC‑40",Starlink: Group 10-12 (23 satellites),"~17,100 kg (37,700 lb)",LEO,SpaceX,Success,Success (JRTI)
439,"February 21, 2025",15:19,F9B5,"Cape Canaveral, SLC‑40",Starlink: Group 12-14 (23 satellites),"~17,100 kg (37,700 lb)",LEO,SpaceX,Success,Success (ASOG)
440,"February 23, 2025",01:38,F9B5,"Vandenberg, SLC‑4E",Starlink: Group 15-1 (22 satellites),"~16,800 kg (37,000 lb)",LEO,SpaceX,Success,Success (OCISLY)
441,"February 27, 2025",00:16,F9B5,"Kennedy, LC‑39A[293]","IM-2 Nova-C ""Athena"" lunar landerLunar TrailblazerBrokkr-2 Odin[294]Chimera-1TBD",Unknown,TLI,NASA (CLPS)Intuitive MachinesAstroForgeEpic AerospaceTBD,Success,Success (ASOG)
442,"February 27, 2025",03:34,F9B5[,"Cape Canaveral, SLC‑40",Starlink: Group 12-13 (21 satellites),"~16,500 kg (36,400 lb)",LEO,SpaceX,Success,Success (JRTI)
443,"March 3, 2025",02:24,F9B5,"Cape Canaveral, SLC‑40",Starlink: Group 12-20 (21 satellites),"~16,500 kg (36,400 lb)",LEO,SpaceX,Success,Failure (JRTI)
444,"March 12, 2025",03:10,F9B5,"Vandenberg, SLC‑4E",SPHERExPUNCH[303],"758 kg (1,671 lb)",SSO,NASA,Success,Success (LZ‑4)
445,"March 13, 2025",02:35,F9B5,"Cape Canaveral, SLC‑40",Starlink: Group 12-21,"~16,500 kg (36,400 lb)",LEO,SpaceX,Success,Success (ASOG)
446,"March 14, 2025",23:03,F9B5,"Kennedy, LC‑39A",Crew-10 (Crew Dragon C210-4 Endurance),"~13,000 kg (29,000 lb)",LEO (ISS),NASA (CCP),Success,Success (LZ‑1)
447,"March 15, 2025",06:43,F9B5,"Vandenberg, SLC‑4E",Transporter-13 (74 payload smallsat rideshare)[67],Unknown[l],SSO,Various,Success,Success (LZ‑4)
448,"March 15, 2025",11:35,F9B5,"Cape Canaveral, SLC‑40",Starlink: Group 12-16,"~17,100 kg (37,700 lb)",LEO,SpaceX,Success,Success (JRTI)
449,"March 18, 2025",19:57,F9B5,"Cape Canaveral, SLC‑40",Starlink: Group 12-25,"~17,100 kg (37,700 lb)",LEO,SpaceX,Success,Success (ASOG)
450,"March 21, 2025",06:49,F9B5,"Vandenberg, SLC‑4E",NROL-57 (~11 Starshield satellites),Unknown,LEO,NRO,Success,Success (LZ‑4)
451,"March 24, 2025",17:48,F9B5,"Cape Canaveral, SLC‑40",NROL-69,Unknown,LEO,USSF,Success,Success (LZ‑1)
452,"March 26, 2025",22:11,F9B5,"Vandenberg, SLC‑4E",Starlink: Group 11-7,"~15,500 kg (34,200 lb)",LEO,SpaceX,Success,Success (OCISLY)
453,"March 31, 2025",19:52,F9B5,"Cape Canaveral, SLC‑40",Starlink: Group 6-80,"~16,100 kg (35,500 lb)",LEO,SpaceX,Success,Success (JRTI)
454,"April 1, 2025",01:46,F9B5,"Kennedy, LC‑39A",Fram2 (Crew Dragon C207-4 Resilience),"~13,000 kg (29,000 lb)",Polar (Retrograde),Chun Wang,Success,Success (ASOG)
455,"April 4, 2025",01:02,F9B5,"Vandenberg, SLC‑4E",Starlink: Group 11-13,"~15,500 kg (34,200 lb)",LEO,SpaceX,Success,Success (OCISLY)
456,"April 6, 2025",03:07,F9B5,"Cape Canaveral, SLC‑40",Starlink: Group 6-72,"~16,100 kg (35,500 lb)",LEO,SpaceX,Success,Success (JRTI)
457,"April 7, 2025",23:06,F9B5,"Vandenberg, SLC‑4E",Starlink: Group 11-11,"~15,500 kg (34,200 lb)",LEO,SpaceX,Success,Success (OCISLY)
458,"April 12, 2025",12:25,F9B5,"Vandenberg, SLC‑4E",NROL-192 (22 Starshield satellites),Unknown,LEO,NRO,Success,Success (OCISLY)
459,"April 13, 2025",00:53,F9B5,"Kennedy, LC‑39A",Starlink: Group 12-17,"~16,500 kg (36,400 lb)",LEO,SpaceX,Success,Success (ASOG)
460,"April 14, 2025",04:00,F9B5,"Cape Canaveral, SLC‑40",Starlink: Group 6-73,"~15,500 kg (34,200 lb)",LEO,SpaceX,Success,Success (JRTI)
461,"April 20, 2025",12:29,F9B5,"Vandenberg, SLC‑4E",NROL-145 (22 Starshield satellites),Unknown,LEO,NRO,Success,Success (OCISLY)
462,"April 21, 2025",08:15,F9B5,"Kennedy, LC‑39A",SpaceX CRS-32 (Cargo Dragon C209-5),"3,021 kg (6,660 lb)",LEO (ISS),NASA (CRS),Success,Success (LZ‑1)
463,"April 22, 2025",00:48,F9B5,"Cape Canaveral, SLC‑40","Bandwagon-3 (425Sat-3,[327] Tomorrow-S7, PHOENIX)",Unknown[l],LEO,Republic of Korea Armed ForcesTomorrow.ioAtmos Space Cargo,Success,Success (LZ‑2)
464,"April 25, 2025",01:52,F9B5,"Cape Canaveral, SLC‑40",Starlink: Group 6-74,"~16,100 kg (35,500 lb)",LEO,SpaceX,Success,Success (ASOG)
465,"April 28, 2025",02:09,F9B5,"Cape Canaveral, SLC‑40",Starlink: Group 12-23,"~17,100 kg (37,700 lb)",LEO,SpaceX,Success,Success (JRTI)
466,"April 28, 2025",20:42,F9B5,"Vandenberg, SLC‑4E",Starlink: Group 11-9,"~15,500 kg (34,200 lb)",LEO,SpaceX,Success,Success (OCISLY)
467,"April 29, 2025",02:34,F9B5,"Kennedy, LC‑39A",Starlink: Group 12-10,"~17,100 kg (37,700 lb)",LEO,SpaceX,Success,Success (ASOG)
468,"May 2, 2025",01:51,F9B5,"Cape Canaveral, SLC‑40",Starlink: Group 6-75,"~16,100 kg (35,500 lb)",LEO,SpaceX,Success,Success (JRTI)
469,"May 4, 2025",08:54,F9B5,"Kennedy, LC‑39A",Starlink: Group 6-84,"~16,675 kg (36,762 lb)",LEO,SpaceX,Success,Success (ASOG)
470,"May 7, 2025",01:17,F9B5,"Cape Canaveral, SLC‑40",Starlink: Group 6-93,"~16,100 kg (35,500 lb)",LEO,SpaceX,Success,Success (JRTI)
471,"May 10, 2025",00:19,F9B5,"Vandenberg, SLC‑4E",Starlink: Group 15-3,"~14,950 kg (32,960 lb)",LEO,SpaceX,Success,Success (OCISLY)
472,"May 10, 2025",06:28,F9B5,"Cape Canaveral, SLC‑40",Starlink: Group 6-91,"~16,100 kg (35,500 lb)",LEO,SpaceX,Success,Success (ASOG)
473,"May 13, 2025",01:15,F9B5,"Vandenberg, SLC‑4E",Starlink: Group 15-4,"~14,950 kg (32,960 lb)",LEO,SpaceX,Success,Success (OCISLY)
474,"May 13, 2025",05:02,F9B5,"Kennedy, LC‑39A",Starlink: Group 6-83,"~16,100 kg (35,500 lb)",LEO,SpaceX,Success,Success (JRTI)
475,"May 14, 2025",16:38,F9B5,"Cape Canaveral, SLC‑40",Starlink: Group 6-67,"~16,100 kg (35,500 lb)",LEO,SpaceX,Success,Success (ASOG)
476,"May 16, 2025",13:43,F9B5,"Vandenberg, SLC‑4E",Starlink: Group 15-5,"~14,950 kg (32,960 lb)",LEO,SpaceX,Success,Success (OCISLY)
477,"May 21, 2025",03:19,F9B5,"Cape Canaveral, SLC‑40",Starlink: Group 12-15,"~17,100 kg (37,700 lb)",LEO,SpaceX,Success,Success (JRTI)
478,"May 23, 2025",22:32,F9B5,"Vandenberg, SLC‑4E",Starlink: Group 11-16,"~15,500 kg (34,200 lb)",LEO,SpaceX,Success,Success (OCISLY)
479,"May 24, 2025",17:19,F9B5,"Cape Canaveral, SLC‑40",Starlink: Group 12-22,"~17,100 kg (37,700 lb)",LEO,SpaceX,Success,Success (ASOG)
480,"May 27, 2025",16:57,F9B5,"Vandenberg, SLC‑4E",Starlink: Group 17-1,"~17,500 kg (38,600 lb)",SSO,SpaceX,Success,Success (OCISLY)
481,"May 28, 2025",13:30,F9B5,"Kennedy, LC‑39A",Starlink: Group 10-32,"~15,500 kg (34,200 lb)",LEO,SpaceX,Success,Success (JRTI)
482,"May 30, 2025",17:37,F9B5,"Cape Canaveral, SLC‑40",GPS III-8,"4,350 kg (9,590 lb)",MEO,USSF,Success,Success (ASOG)
483,"May 31, 2025",20:10,F9B5,"Vandenberg, SLC‑4E",Starlink: Group 11-18,"~15,500 kg (34,200 lb)",LEO,SpaceX,Success,Success (OCISLY)
484,"June 3, 2025",04:43,F9B5,"Cape Canaveral, SLC‑40",Starlink: Group 12-19,"~17,100 kg (37,700 lb)",LEO,SpaceX,Success,Success (JRTI)
485,"June 4, 2025",23:40,F9B5,"Vandenberg, SLC‑4E",Starlink: Group 11-22,"~15,500 kg (34,200 lb)",LEO,SpaceX,Success,Success (OCISLY)
486,"June 7, 2025",04:54,F9B5,"Cape Canaveral, SLC‑40",SXM-10,"6,400 kg (14,100 lb)",GTO,Sirius XM,Success,Success (ASOG)
487,"June 8, 2025",14:20,F9B5,"Vandenberg, SLC‑4E",Starlink: Group 15-8,"~14,950 kg (32,960 lb)",LEO,SpaceX,Success,Success (OCISLY)
488,"June 10, 2025",13:05,F9B5,"Cape Canaveral, SLC‑40",Starlink: Group 12-24,"~17,100 kg (37,700 lb)",LEO,SpaceX,Success,Success (JRTI)
489,"June 13, 2025",01:54,F9B5,"Vandenberg, SLC‑4E",Starlink: Group 15-6,"~14,950 kg (32,960 lb)",LEO,SpaceX,Success,Success (OCISLY)
490,"June 13, 2025",15:29,F9B5,"Cape Canaveral, SLC‑40",Starlink: Group 12-26,"~17,100 kg (37,700 lb)",LEO,SpaceX,Success,Success (ASOG)
491,"June 17, 2025",03:36,F9B5,"Vandenberg, SLC‑4E",Starlink: Group 15-9,"~14,950 kg (32,960 lb)",LEO,SpaceX,Success,Success (OCISLY)
492,"June 18, 2025",05:55,F9B5,"Cape Canaveral, SLC‑40",Starlink: Group 10-18,"~16,100 kg (35,500 lb)",LEO,SpaceX,Success,Success (JRTI)
493,"June 23, 2025",05:58,F9B5,"Cape Canaveral, SLC‑40",Starlink: Group 10-23,"~15,500 kg (34,200 lb)",LEO,SpaceX,Success,Success (ASOG)
494,"June 23, 2025",21:25,F9B5,"Vandenberg, SLC‑4E",Transporter-14 (70 payloads smallsat rideshare)[67],Unknown[l],SSO,Various,Success,Success (OCISLY)
495,"June 25, 2025",06:31,F9B5,"Kennedy, LC‑39A",Axiom Mission 4 (Crew Dragon C213-1 Grace),"~13,000 kg (29,000 lb)",LEO (ISS),Axiom Space,Success,Success (LZ‑1)
496,"June 25, 2025",19:54,F9B5,"Cape Canaveral, SLC‑40",Starlink: Group 10-16,"~15,500 kg (34,200 lb)",LEO,SpaceX,Success,Success (JRTI)
497,"June 28, 2025",04:26,F9B5,"Cape Canaveral, SLC‑40",Starlink: Group 10-34,"~15,500 kg (34,200 lb)",LEO,SpaceX,Success,Success (ASOG)
498,"June 28, 2025",17:13,F9B5,"Vandenberg, SLC‑4E",Starlink: Group 15-7,"~14,950 kg (32,960 lb)",LEO,SpaceX,Success,Success (OCISLY)
499,"July 1, 2025",21:04,F9B5,"Kennedy, LC‑39A",MTG-S1 / Sentinel-4A[365],"3,800 kg (8,400 lb)",GTO,EUMETSAT,Success,Success (JRTI)
500,"July 2, 2025",06:28,F9B5,"Cape Canaveral, SLC‑40",Starlink: Group 10-25,"~15,500 kg (34,200 lb)",LEO,SpaceX,Success,Success (ASOG)
501,"July 8, 2025",08:21,F9B5,"Cape Canaveral, SLC‑40",Starlink: Group 10-28,"~16,100 kg (35,500 lb)",LEO,SpaceX,Success,Success (ASOG)
502,"July 13, 2025",05:04,F9B5,"Cape Canaveral, SLC‑40",Dror-1 [he],"4,000 kg (8,800 lb)",GTO,IAI,Success,Success (JRTI)
503,"July 16, 2025",02:05,F9B5,"Vandenberg, SLC‑4E",Starlink: Group 15-2,"~14,950 kg (32,960 lb)",LEO,SpaceX,Success,Success (OCISLY)
504,"July 16, 2025",06:30,F9B5,"Cape Canaveral, SLC‑40",KuiperSat × 24 (KF-01),"~14,784 kg (32,593 lb)",LEO,Amazon (Kuiper Systems),Success,Success (ASOG)
505,"July 19, 2025",03:52,F9B5,"Vandenberg, SLC‑4E",Starlink: Group 17-3,"~17,500 kg (38,600 lb)",SSO,SpaceX,Success,Success (OCISLY)
506,"July 22, 2025",21:12,F9B5,"Cape Canaveral, SLC‑40",O3b mPOWER 9 & 10,"3,400 kg (7,500 lb)",MEO,SES,Success,Success (JRTI)
507,"July 23, 2025",18:13,F9B5,"Vandenberg, SLC‑4E",TRACERS (2 satellites)+ 5 rideshares,"~920 kg (2,030 lb)",SSO,NASA,Success,Success (LZ‑4)
508,"July 26, 2025",09:01,F9B5,"Cape Canaveral, SLC‑40",Starlink: Group 10-26,"~16,100 kg (35,500 lb)",LEO,SpaceX,Success,Success (ASOG)
509,"July 27, 2025",04:31,F9B5,"Vandenberg, SLC‑4E",Starlink: Group 17-2,"~17,500 kg (38,600 lb)",SSO,SpaceX,Success,Success (OCISLY)
510,"July 30, 2025",03:37,F9B5,"Cape Canaveral, SLC‑40",Starlink: Group 10-29,"~16,100 kg (35,500 lb)",LEO,SpaceX,Success,Success (JRTI)
511,"July 31, 2025",18:35,F9B5,"Vandenberg, SLC‑4E",Starlink: Group 13-4 + 2 Starshield satellites[382],"~14,060 kg (31,000 lb)(Starlink)",SSO,SpaceX,Success,Success (OCISLY)
512,"August 1, 2025",15:43,F9B5,"Kennedy, LC‑39A",Crew-11 (Crew Dragon C206-6 Endeavour),"~13,000 kg (29,000 lb)",LEO (ISS),NASA (CCP),Success,Success (LZ‑1)
513,"August 4, 2025",07:57,F9B5,"Cape Canaveral, SLC‑40",Starlink: Group 10-30,"~16,100 kg (35,500 lb)",LEO,SpaceX,Success,Success (JRTI)
514,"August 11, 2025",12:35,F9B5,"Cape Canaveral, SLC‑40",KuiperSat × 24 (KF-02),"~14,784 kg (32,593 lb)",LEO,Amazon (Kuiper Systems),Success,Success (ASOG)
515,"August 14, 2025",05:05,F9B5,"Vandenberg, SLC‑4E",Starlink: Group 17-4,"~17,500 kg (38,600 lb)",SSO,SpaceX,Success,Success (OCISLY)
516,"August 14, 2025",12:29,F9B5,"Cape Canaveral, SLC‑40",Starlink: Group 10-20,"~16,100 kg (35,500 lb)",LEO,SpaceX,Success,Success (JRTI)
517,"August 18, 2025",16:26,F9B5,"Vandenberg, SLC‑4E",Starlink: Group 17-5,"~17,500 kg (38,600 lb)",SSO,SpaceX,Success,Success (OCISLY)
518,"August 22, 2025",03:50,F9B5[,"Kennedy, LC‑39A",USSF-36 (Boeing X-37B OTV-8),"~4,990 kg (11,000 lb)",LEO,USSF,Success,Success (LZ‑2)
519,"August 22, 2025",17:04,F9B5,"Vandenberg, SLC‑4E",Starlink: Group 17-6,"~17,500 kg (38,600 lb)",SSO,SpaceX,Success,Success (OCISLY)
520,"August 24, 2025",06:45,F9B5,"Cape Canaveral, SLC‑40",SpaceX CRS-33 (Dragon C211-3),"2,300 kg (5,100 lb)",LEO (ISS),NASA (CRS),Success,Success (ASOG)
521,"August 26, 2025",18:53,F9B5,"Vandenberg, SLC‑4E",NAOS + 7 rideshares[399],"~1,370 kg (3,020 lb)",SSO,Luxembourg Armed Forces & others,Success,Success (LZ‑4)
522,"August 27, 2025",11:10,F9B5,"Cape Canaveral, SLC‑40",Starlink: Group 10-56,"~16,100 kg (35,500 lb)",LEO,SpaceX,Success,Success (JRTI)
523,"August 28, 2025",08:12,F9B5,"Kennedy, LC‑39A",Starlink: Group 10-11,"~16,100 kg (35,500 lb)",LEO,SpaceX,Success,Success (ASOG)
524,"August 30, 2025",04:59,F9B5,"Vandenberg, SLC‑4E",Starlink: Group 17-7,"~17,500 kg (38,600 lb)",SSO,SpaceX,Success,Success (OCISLY)
525,"August 31, 2025",11:49,F9B5,"Cape Canaveral, SLC‑40",Starlink: Group 10-14,"~16,100 kg (35,500 lb)",LEO,SpaceX,Success,Success (JRTI)
526,"September 3, 2025",03:51,F9B5,"Vandenberg, SLC‑4E",Starlink: Group 17-8,"~17,500 kg (38,600 lb)",SSO,SpaceX,Success,Success (OCISLY)
527,"September 3, 2025",11:56,F9B5,"Cape Canaveral, SLC‑40",Starlink: Group 10-22,"~16,100 kg (35,500 lb)",LEO,SpaceX,Success,Success (ASOG)
528,"September 5, 2025",12:32,F9B5,"Kennedy, LC‑39A",Starlink: Group 10-57,"~16,100 kg (35,500 lb)",LEO,SpaceX,Success,Success (JRTI)
529,"September 6, 2025",18:06,F9B5,"Vandenberg, SLC‑4E",Starlink: Group 17-9,"~17,500 kg (38,600 lb)",SSO,SpaceX,Success,Success (OCISLY)
530,"September 10, 2025",14:12,F9B5,"Vandenberg, SLC‑4E",SDA Tranche 1 Transport Layer B (21 satellites),Unknown,Polar LEO,SDA,Success,Success (OCISLY)
531,"September 12, 2025",01:56,F9B5,"Cape Canaveral, SLC‑40",Nusantara Lima,"~7,800 kg (17,200 lb)[412]",GTO,PT Pasifik Satelit Nusantara,Success,Success (ASOG)
532,"September 13, 2025",17:55,F9B5,"Vandenberg, SLC‑4E",Starlink: Group 17-10,"~17,500 kg (38,600 lb)",SSO,SpaceX,Success,Success (OCISLY)
533,"September 14, 2025",22:11,F9B5,"Cape Canaveral, SLC‑40","CRS NG-23 (S.S. William ""Willie"" C. McCool)","5,000 kg (11,000 lb)",LEO (ISS),Northrop Grumman (CRS),Success,Success (LZ‑2)
534,"September 18, 2025",09:30,F9B5,"Cape Canaveral, SLC‑40",Starlink: Group 10-61,"~16,100 kg (35,500 lb)",LEO,SpaceX,Success,Success (JRTI)
535,"September 19, 2025",16:31,F9B5,"Vandenberg, SLC‑4E",Starlink: Group 17-12,"~17,500 kg (38,600 lb)",SSO,SpaceX,Success,Success (OCISLY)
536,"September 21, 2025",10:53,F9B5,"Cape Canaveral, SLC‑40",Starlink: Group 10-27,"~16,100 kg (35,500 lb)",LEO,SpaceX,Success,Success (ASOG)
537,"September 22, 2025",17:38,F9B5,"Vandenberg, SLC‑4E",NROL-48 (~11 Starshield satellites),Unknown,LEO,NRO,Success,Success (LZ‑4)
538,"September 24, 2025",11:30,F9B5,"Kennedy, LC‑39A",Interstellar Mapping and Acceleration Probe (IMAP)[422],"1,477 kg (3,256 lb)",Sun–Earth L1,NASA,Success,Success (JRTI)
539,"September 25, 2025",08:39,F9B5,"Cape Canaveral, SLC‑40",Starlink: Group 10-15,"~16,100 kg (35,500 lb)",LEO,SpaceX,Success,Success (ASOG)
540,"September 26, 2025",04:26,F9B5,"Vandenberg, SLC‑4E",Starlink: Group 17-11,"~17,500 kg (38,600 lb)",SSO,SpaceX,Success,Success (OCISLY)
541,"September 29, 2025",02:04,F9B5,"Vandenberg, SLC‑4E",Starlink: Group 11-20,"~16,100 kg (35,500 lb)",LEO,SpaceX,Success,Success (OCISLY)
542,"October 3, 2025",14:06,F9B5,"Vandenberg, SLC‑4E",Starlink: Group 11-39,"~16,100 kg (35,500 lb)",LEO,SpaceX,Success,Success (OCISLY)
543,"October 7, 2025",06:46,F9B5,"Cape Canaveral, SLC‑40",Starlink: Group 10-59,"~16,100 kg (35,500 lb)",LEO,SpaceX,Success,Success (ASOG)
544,"October 8, 2025",03:54,F9B5,"Vandenberg, SLC‑4E",Starlink: Group 11-17,"~16,100 kg (35,500 lb)",LEO,SpaceX,Success,Success (OCISLY)
545,"October 14, 2025",01:58,F9B5,"Cape Canaveral, SLC‑40",KuiperSat × 24 (KF-03),"~14,784 kg (32,593 lb)",LEO,Amazon (Kuiper Systems),Success,Success (ASOG)
546,"October 15, 2025",23:06,F9B5,"Vandenberg, SLC‑4E",SDA Tranche 1 Transport Layer C (21 satellites),Unknown,Polar LEO,SDA,Success,Success (OCISLY)
547,"October 16, 2025",09:27,F9B5,"Cape Canaveral, SLC‑40",Starlink: Group 10-52,"~16,100 kg (35,500 lb)",LEO,SpaceX,Success,Success (JRTI)
548,"October 19, 2025",17:39,F9B5,"Cape Canaveral, SLC‑40",Starlink: Group 10-17,"~16,100 kg (35,500 lb)",LEO,SpaceX,Success,Success (ASOG)
549,"October 19, 2025",19:24,F9B5,"Vandenberg, SLC‑4E",Starlink: Group 11-19,"~16,100 kg (35,500 lb)",LEO,SpaceX,Success,Success (OCISLY)
550,"October 22, 2025",14:16,F9B5,"Vandenberg, SLC‑4E",Starlink: Group 11-5,"~16,100 kg (35,500 lb)",LEO,SpaceX,Success,Success (OCISLY)
551,"October 24, 2025",01:30,F9B5,"Cape Canaveral, SLC‑40",Spainsat NG II,"6,100 kg (13,400 lb)",GTO,Hisdesat,Success,No attempt
552,"October 25, 2025",14:20,F9B5,"Vandenberg, SLC‑4E",Starlink: Group 11-12,"~16,100 kg (35,500 lb)",LEO,SpaceX,Success,Success (OCISLY)
553,"October 26, 2025",15:00,F9B5,"Cape Canaveral, SLC‑40",Starlink: Group 10-21,"~16,100 kg (35,500 lb)",LEO,SpaceX,Success,Success (ASOG)
554,"October 28, 2025",00:43,F9B5,"Vandenberg, SLC‑4E",Starlink: Group 11-21,"~16,100 kg (35,500 lb)",LEO,SpaceX,Success,Success (OCISLY)
555,"October 29, 2025",16:35,F9B5,"Cape Canaveral, SLC‑40",Starlink: Group 10-37,"~16,675 kg (36,762 lb)",LEO,SpaceX,Success,Success (JRTI)
556,"October 31, 2025",20:41,F9B5,"Vandenberg, SLC‑4E",Starlink: Group 11-23,"~16,100 kg (35,500 lb)",LEO,SpaceX,Success,Success (OCISLY)
557,"November 2, 2025",05:09,F9B5,"Cape Canaveral, SLC‑40",Bandwagon-4 (18 payloads smallsat rideshare)[67][87],Unknown[l],LEO,Various,Success,Success (LZ‑2)
558,"November 6, 2025",01:31,F9B5,"Cape Canaveral, SLC‑40",Starlink: Group 6-81,"~16,675 kg (36,762 lb)",LEO,SpaceX,Success,Success (JRTI)
559,"November 6, 2025",21:13,F9B5,"Vandenberg, SLC‑4E",Starlink: Group 11-14,"~16,100 kg (35,500 lb)",LEO,SpaceX,Success,Success (OCISLY)
560,"November 9, 2025",08:10,F9B5,"Kennedy, LC‑39A",Starlink: Group 10-51,"~16,675 kg (36,762 lb)",LEO,SpaceX,Success,Success (ASOG)
561,"November 11, 2025",03:21,F9B5,"Cape Canaveral, SLC‑40",Starlink: Group 6-87,"~16,675 kg (36,762 lb)",LEO,SpaceX,Success,Success (JRTI)
562,"November 15, 2025",03:08,F9B5,"Kennedy, LC‑39A",Starlink: Group 6-89,"~16,675 kg (36,762 lb)",LEO,SpaceX,Success,Success (ASOG)
563,"November 15, 2025",06:44,F9B5,"Cape Canaveral, SLC‑40",Starlink: Group 6-85,"~16,675 kg (36,762 lb)",LEO,SpaceX,Success,Success (JRTI)
564,"November 17, 2025",05:21,F9B5,"Vandenberg, SLC‑4E",Sentinel-6B[451],"1,440 kg (3,170 lb)",LEO,NASA / NOAA / EUMETSAT / ESA,Success,Success (LZ‑4)
565,"November 19, 2025",00:12,F9B5,"Cape Canaveral, SLC‑40",Starlink: Group 6-94,"~16,675 kg (36,762 lb)",LEO,SpaceX,Success,Success (ASOG)
566,"November 21, 2025",03:39,F9B5,"Kennedy, LC‑39A",Starlink: Group 6-78,"~16,675 kg (36,762 lb)",LEO,SpaceX,Success,Success (JRTI)
567,"November 22, 2025",07:53,F9B5,"Cape Canaveral, SLC‑40",Starlink: Group 6-79,"~16,675 kg (36,762 lb)",LEO,SpaceX,Success,Success (ASOG)
568,"November 23, 2025",08:48,F9B5,"Vandenberg, SLC‑4E",Starlink: Group 11-30,"~16,100 kg (35,500 lb)",LEO,SpaceX,Success,Success (OCISLY)
569,"November 28, 2025",18:44,F9B5,"Vandenberg, SLC‑4E",Transporter-15 (140 payloads smallsat rideshare)[67],Unknown[l],SSO,Various,Success,Success (OCISLY)
570,"December 1, 2025",07:44,F9B5,"Kennedy, LC‑39A",Starlink: Group 6-86,"~16,675 kg (36,762 lb)",LEO,SpaceX,Success,Success (JRTI)
571,"December 2, 2025",05:28,F9B5,"Vandenberg, SLC‑4E",Starlink: Group 15-10,"~15,525 kg (34,227 lb)",LEO,SpaceX,Success,Success (OCISLY)
572,"December 2, 2025",22:18,F9B5,"Cape Canaveral, SLC‑40",Starlink: Group 6-95,"~16,675 kg (36,762 lb)",LEO,SpaceX,Success,Success (ASOG)
573,"December 4, 2025",20:42,F9B5,"Vandenberg, SLC‑4E",Starlink: Group 11-25,"~16,100 kg (35,500 lb)",LEO,SpaceX,Success,Success (OCISLY)
574,"December 7, 2025",17:58,F9B5,"Vandenberg, SLC‑4E",Starlink: Group 11-15,"~16,100 kg (35,500 lb)",LEO,SpaceX,Success,Success (OCISLY)
575,"December 8, 2025",22:26,F9B5,"Kennedy, LC‑39A",Starlink: Group 6-92,"~16,675 kg (36,762 lb)",LEO,SpaceX,Success,Success (ASOG)
576,"December 9, 2025",19:16,F9B5,"Cape Canaveral, SLC‑40",NROL-77[237][238],Unknown,LEO,NRO,Success,Success (LZ‑2)
577,"December 10, 2025",11:40,F9B5,"Vandenberg, SLC‑4E",Starlink: Group 15-11,"~15,525 kg (34,227 lb)",LEO,SpaceX,Success,Success (OCISLY)
578,"December 11, 2025",22:01,F9B5,"Cape Canaveral, SLC‑40",Starlink: Group 6-90,"~16,675 kg (36,762 lb)",LEO,SpaceX,Success,Success (JRTI)
579,"December 14, 2025",05:49,F9B5,"Vandenberg, SLC‑4E",Starlink: Group 15-12,"~15,525 kg (34,227 lb)",LEO,SpaceX,Success,Success (OCISLY)
580,"December 15, 2025",05:25,F9B5,"Cape Canaveral, SLC‑40",Starlink: Group 6-82,"~16,675 kg (36,762 lb)",LEO,SpaceX,Success,Success (ASOG)
581,"December 17, 2025",13:42,F9B5,"Kennedy, LC‑39A",Starlink: Group 6-99,"~16,675 kg (36,762 lb)",LEO,SpaceX,Success,Success (JRTI)
582,"December 17, 2025",15:27,F9B5,"Vandenberg, SLC‑4E",Starlink: Group 15-13,"~15,525 kg (34,227 lb)",LEO,SpaceX,Success,Success (OCISLY)
583,"January 3, 2026",02:09,F9B5,"Vandenberg, SLC‑4E",CSG-3,"2,230 kg (4,920 lb)",SSO,ASI,Success,Success (LZ‑4)
584,"January 4, 2026",06:48,F9B5,"Cape Canaveral, SLC‑40",Starlink: Group 6-88,"~16,675 kg (36,762 lb)",LEO,SpaceX,Success,Success (JRTI)
585,"January 9, 2026",21:41,F9B5,"Cape Canaveral, SLC‑40",Starlink: Group 6-96,"~16,675 kg (36,762 lb)",LEO,SpaceX,Success,Success (ASOG)
586,"January 11, 2026",13:44,F9B5,"Vandenberg, SLC‑4E",Twilight (Pandora and others 39 payloads),325 kg (717 lb) PANDORA,SSO,NASA & Various,Success,Success (LZ‑4)
587,"January 12, 2026",21:08,F9B5,"Cape Canaveral, SLC‑40",Starlink: Group 6-97,"~16,675 kg (36,762 lb)",LEO,SpaceX,Success,Success (JRTI)
588,"January 14, 2026",18:08,F9B5,"Cape Canaveral, SLC‑40",Starlink: Group 6-98,"~16,675 kg (36,762 lb)",LEO,SpaceX,Success,Success (ASOG)
589,"January 17, 2026",04:39,F9B5,"Vandenberg, SLC‑4E",NROL-105 (2 Starshield satellites),Unknown,LEO,NRO,Success,Success (LZ‑4)
590,"January 18, 2026",23:31,F9B5,"Cape Canaveral, SLC‑40",Starlink: Group 6-100,"~16,675 kg (36,762 lb)",LEO,SpaceX,Success,Success (ASOG)
591,"January 22, 2026",05:47,F9B5,"Vandenberg, SLC‑4E",Starlink: Group 17-30,"~14,375 kg (31,691 lb)",SSO,SpaceX,Success,Success (OCISLY)
592,"January 25, 2026",17:30,F9B5,"Vandenberg, SLC‑4E",Starlink: Group 17-20,"~14,375 kg (31,691 lb)",SSO,SpaceX,Success,Success (OCISLY)
593,"January 28, 2026",04:53,F9B5,"Cape Canaveral, SLC‑40",GPS III-9,"4,350 kg (9,590 lb)",MEO,USSF,Success,Success (ASOG)
594,"January 29, 2026",17:53,F9B5,"Vandenberg, SLC‑4E",Starlink: Group 17-19,"~14,375 kg (31,691 lb)",SSO,SpaceX,Success,Success (OCISLY)
595,"January 30, 2026",07:22,F9B5,"Cape Canaveral, SLC‑40",Starlink: Group 6-101,"~16,675 kg (36,762 lb)",LEO,SpaceX,Success,Success (JRTI)
596,"February 2, 2026",15:47,F9B5,"Vandenberg, SLC‑4E",Starlink: Group 17-32,"~14,375 kg (31,691 lb)",SSO,SpaceX,Success,Success (OCISLY)
597,"February 7, 2026",20:58,F9B5,"Vandenberg, SLC‑4E",Starlink: Group 17-33,"~14,375 kg (31,691 lb)",SSO,SpaceX,Success,Success (OCISLY)
598,"February 11, 2026",17:11,F9B5,"Vandenberg, SLC‑4E",Starlink: Group 17-34,"~13,800 kg (30,400 lb)",SSO,SpaceX,Success,Success (OCISLY)
599,"February 13, 2026",10:15,F9B5,"Cape Canaveral, SLC‑40",Crew-12 (Crew Dragon C212-5 Freedom),"~13,000 kg (29,000 lb)",LEO (ISS),NASA (CTS),Success,Success (LZ‑40)
600,"February 15, 2026",01:59,F9B5,"Vandenberg, SLC‑4E",Starlink: Group 17-13,"~13,800 kg (30,400 lb)",SSO,SpaceX,Success,Success (OCISLY)
601,"February 16, 2026",07:59,F9B5,"Cape Canaveral, SLC‑40",Starlink: Group 6-103,"~16,675 kg (36,762 lb)",LEO,SpaceX,Success,Success (ASOG)
602,"February 20, 2026",01:41,F9B5,"Cape Canaveral, SLC‑40",Starlink: Group 10-36,"~16,675 kg (36,762 lb)",LEO,SpaceX,Success,Success (JRTI)
603,"February 21, 2026",09:04,F9B5,"Vandenberg, SLC‑4E",Starlink: Group 17-25,"~14,375 kg (31,691 lb)",SSO,SpaceX,Success,Success (OCISLY)
604,"February 22, 2026",03:47,F9B5,"Cape Canaveral, SLC‑40",Starlink: Group 6-104,"~16,100 kg (35,500 lb)",LEO,SpaceX,Success,Success (ASOG)
605,"February 24, 2026",23:04,F9B5,"Cape Canaveral, SLC‑40",Starlink: Group 6-110,"~16,675 kg (36,762 lb)",LEO,SpaceX,Success,Success (JRTI)
606,"February 25, 2026",14:17,F9B5,"Vandenberg, SLC‑4E",Starlink: Group 17-26,"~14,375 kg (31,691 lb)",SSO,SpaceX,Success,Success (OCISLY)
607,"February 27, 2026",12:16,F9B5,"Cape Canaveral, SLC‑40",Starlink: Group 6-108,"~16,675 kg (36,762 lb)",LEO,SpaceX,Success,Success (ASOG)
608,"March 1, 2026",10:10,F9B5,"Vandenberg, SLC‑4E",Starlink: Group 17-23,"~14,375 kg (31,691 lb)",SSO,SpaceX,Success,Success (OCISLY)
609,"March 2, 2026",02:56,F9B5,"Cape Canaveral, SLC‑40",Starlink: Group 10-41,"~16,675 kg (36,762 lb)",LEO,SpaceX,Success,Success (JRTI)
610,"March 4, 2026",10:52,F9B5,"Cape Canaveral, SLC‑40",Starlink: Group 10-40,"~16,675 kg (36,762 lb)",LEO,SpaceX,Success,Success (ASOG)
611,"March 8, 2026",11:00,F9B5,"Vandenberg, SLC‑4E",Starlink: Group 17-18,"~14,375 kg (31,691 lb)",SSO,SpaceX,Success,Success (OCISLY)
612,"March 10, 2026",04:19,F9B5,"Cape Canaveral, SLC‑40",EchoStar XXV,"6,800 kg (15,000 lb)",GTO,EchoStar,Success,Success (ASOG)
613,"March 13, 2026",14:57,F9B5,"Vandenberg, SLC‑4E",Starlink: Group 17-31,"~14,375 kg (31,691 lb)",SSO,SpaceX,Success,Success (OCISLY)
614,"March 14, 2026",12:37,F9B5,"Cape Canaveral, SLC‑40",Starlink: Group 10-48,"~16,675 kg (36,762 lb)",LEO,SpaceX,Success,Success (JRTI)
615,"March 17, 2026",05:19,F9B5,"Vandenberg, SLC‑4E",Starlink: Group 17-24,"~14,375 kg (31,691 lb)",SSO,SpaceX,Success,Success (OCISLY)
616,"March 17, 2026",13:27,F9B5,"Cape Canaveral, SLC‑40",Starlink: Group 10-46,"~16,675 kg (36,762 lb)",LEO,SpaceX,Success,Success (ASOG)
617,"March 19, 2026",14:20,F9B5,"Cape Canaveral, SLC‑40",Starlink: Group 10-33,"~16,675 kg (36,762 lb)",LEO,SpaceX,Success,Success (JRTI)
618,"March 20, 2026",21:51,F9B5,"Vandenberg, SLC‑4E",Starlink: Group 17-15,"~14,375 kg (31,691 lb)",SSO,SpaceX,Success,Success (OCISLY)
